{
  "0": {
    "precision": 0.4155844155844156,
    "recall": 0.32989690721649484,
    "f1-score": 0.367816091954023,
    "support": 97.0
  },
  "1": {
    "precision": 0.26229508196721313,
    "recall": 0.46153846153846156,
    "f1-score": 0.3344947735191638,
    "support": 104.0
  },
  "2": {
    "precision": 0.8455882352941176,
    "recall": 0.6424581005586593,
    "f1-score": 0.7301587301587301,
    "support": 179.0
  },
  "3": {
    "precision": 0.3925925925925926,
    "recall": 0.4274193548387097,
    "f1-score": 0.4092664092664093,
    "support": 124.0
  },
  "4": {
    "precision": 0.371900826446281,
    "recall": 0.35714285714285715,
    "f1-score": 0.3643724696356275,
    "support": 126.0
  },
  "5": {
    "precision": 0.8225806451612904,
    "recall": 0.6071428571428571,
    "f1-score": 0.6986301369863014,
    "support": 84.0
  },
  "accuracy": 0.48179271708683474,
  "macro avg": {
    "precision": 0.5184236328409851,
    "recall": 0.4709330897396733,
    "f1-score": 0.48412310192004254,
    "support": 714.0
  },
  "weighted avg": {
    "precision": 0.5372386985450794,
    "recall": 0.48179271708683474,
    "f1-score": 0.49931222338083897,
    "support": 714.0
  }
}